{
  "config": {
    "run_name": "exp1_2",
    "out_dir": "./results",
    "seed": 845872845,
    "device": null,
    "bs_train": 50,
    "bs_test": 12,
    "batches": 100,
    "epochs": 100,
    "early_stopping": 3,
    "checkpoints": null,
    "lr": 0.001,
    "reg": 0.001,
    "filters_per_layer": [
      128
    ],
    "pool_every": 5,
    "hidden_dims": [
      100
    ],
    "model_type": "cnn",
    "kw": {},
    "layers_per_block": 8
  },
  "results": {
    "num_epochs": 0,
    "train_loss": [
      1.7622160729169845,
      1.3914226554632187,
      1.192778533577919,
      1.0277083659172057,
      0.8939243681430816,
      0.7868250204920769,
      0.6722676440775395
    ],
    "train_acc": [
      33.928,
      49.292,
      57.302,
      63.486,
      68.324,
      72.244,
      76.234
    ],
    "test_loss": [
      1.4648057165191615,
      1.2820779174852142,
      1.1273821352911797,
      1.114910830035627,
      1.1532681648858445,
      1.2233068376279277,
      1.3808589642532438
    ],
    "test_acc": [
      46.21,
      53.84,
      60.05,
      61.02,
      61.18,
      61.28,
      59.83
    ]
  }
}