{
  "config": {
    "run_name": "exp1_4",
    "out_dir": "./results",
    "seed": 8774665,
    "device": null,
    "bs_train": 50,
    "bs_test": 12,
    "batches": 100,
    "epochs": 100,
    "early_stopping": 3,
    "checkpoints": null,
    "lr": 0.001,
    "reg": 0.001,
    "filters_per_layer": [
      32
    ],
    "pool_every": 17,
    "hidden_dims": [
      100
    ],
    "model_type": "resnet",
    "kw": {},
    "layers_per_block": 32
  },
  "results": {
    "num_epochs": 0,
    "train_loss": [
      1.7053093719482422,
      1.4712732204198837,
      1.385806025803089,
      1.323647527873516,
      1.2728865525722504,
      1.2286335266828536,
      1.187704836130142,
      1.1494008771181106
    ],
    "train_acc": [
      39.002,
      47.734,
      50.828,
      53.074,
      54.952,
      56.666,
      58.056,
      59.296
    ],
    "test_loss": [
      1.511736966580224,
      1.4492943421256341,
      1.4131831655399405,
      1.3824936826166203,
      1.3738397609272734,
      1.374199879755505,
      1.374387830603037,
      1.3891116284923875
    ],
    "test_acc": [
      46.32,
      48.97,
      50.32,
      51.47,
      51.5,
      51.78,
      52.07,
      52.31
    ]
  }
}