{
  "config": {
    "run_name": "exp1_2",
    "out_dir": "./results",
    "seed": 826583859,
    "device": null,
    "bs_train": 50,
    "bs_test": 12,
    "batches": 100,
    "epochs": 100,
    "early_stopping": 3,
    "checkpoints": null,
    "lr": 0.001,
    "reg": 0.001,
    "filters_per_layer": [
      256
    ],
    "pool_every": 3,
    "hidden_dims": [
      100
    ],
    "model_type": "cnn",
    "kw": {},
    "layers_per_block": 4
  },
  "results": {
    "num_epochs": 0,
    "train_loss": [
      1.520671200811863,
      0.9832749324440956,
      0.7342328187525272,
      0.5372466876506805,
      0.39615136513113974
    ],
    "train_acc": [
      45.022,
      65.338,
      74.398,
      81.252,
      86.216
    ],
    "test_loss": [
      1.112508701799299,
      0.9076832613284639,
      0.9276478558832364,
      1.1047769919377295,
      1.177878739991241
    ],
    "test_acc": [
      59.78,
      68.28,
      69.45,
      66.57,
      68.0
    ]
  }
}