{
  "config": {
    "run_name": "exp1_3",
    "out_dir": "./results",
    "seed": 775804031,
    "device": null,
    "bs_train": 50,
    "bs_test": 12,
    "batches": 100,
    "epochs": 100,
    "early_stopping": 3,
    "checkpoints": null,
    "lr": 0.001,
    "reg": 0.001,
    "filters_per_layer": [
      64,
      128,
      256
    ],
    "pool_every": 3,
    "hidden_dims": [
      100
    ],
    "model_type": "cnn",
    "kw": {},
    "layers_per_block": 4
  },
  "results": {
    "num_epochs": 0,
    "train_loss": [
      2.303815076828003,
      2.3028610570430756,
      2.3028267369270323,
      2.3028118858337403,
      2.3027978591918945,
      2.302783047437668,
      2.3027725145816804,
      2.3027662966251374,
      2.302765901565552,
      2.3027622802257537,
      2.3027627730369566,
      2.3027628462314604
    ],
    "train_acc": [
      9.856,
      9.692,
      9.596,
      9.552,
      9.618,
      9.554,
      9.596,
      9.626,
      9.558,
      9.632,
      9.628,
      9.634
    ],
    "test_loss": [
      2.302675075954099,
      2.3026773380718644,
      2.302674097694653,
      2.302666138401992,
      2.302656983871826,
      2.3026462944863226,
      2.302631901894256,
      2.3026325068027855,
      2.3026219054663497,
      2.3026233922949224,
      2.3026234531859986,
      2.3026235615320916
    ],
    "test_acc": [
      10.0,
      10.0,
      10.0,
      10.0,
      10.0,
      10.0,
      10.0,
      10.0,
      10.0,
      10.0,
      10.0,
      10.0
    ]
  }
}