{
  "config": {
    "run_name": "exp1_4",
    "out_dir": "./results",
    "seed": 1877685642,
    "device": null,
    "bs_train": 50,
    "bs_test": 12,
    "batches": 100,
    "epochs": 100,
    "early_stopping": 3,
    "checkpoints": null,
    "lr": 0.001,
    "reg": 0.001,
    "filters_per_layer": [
      64,
      128,
      256
    ],
    "pool_every": 3,
    "hidden_dims": [
      100
    ],
    "model_type": "resnet",
    "kw": {},
    "layers_per_block": 4
  },
  "results": {
    "num_epochs": 0,
    "train_loss": [
      1.6357068833112716,
      1.150087720155716,
      0.8824780641198158,
      0.666729503646493,
      0.48797580192983153,
      0.3449338812381029
    ],
    "train_acc": [
      40.224,
      58.748,
      69.002,
      76.806,
      82.9,
      87.942
    ],
    "test_loss": [
      1.2981683453209967,
      1.0263040674318797,
      1.0081562393610712,
      1.2754574573958377,
      1.670646449439317,
      1.7480502305485361
    ],
    "test_acc": [
      52.51,
      63.31,
      65.68,
      62.38,
      60.41,
      61.62
    ]
  }
}