{
  "config": {
    "run_name": "exp1_1",
    "out_dir": "./results",
    "seed": 551219402,
    "device": null,
    "bs_train": 50,
    "bs_test": 12,
    "batches": 100,
    "epochs": 100,
    "early_stopping": 3,
    "checkpoints": null,
    "lr": 0.001,
    "reg": 0.001,
    "filters_per_layer": [
      64
    ],
    "pool_every": 9,
    "hidden_dims": [
      100
    ],
    "model_type": "cnn",
    "kw": {},
    "layers_per_block": 16
  },
  "results": {
    "num_epochs": 0,
    "train_loss": [
      2.303420787334442,
      2.302787615776062,
      2.3027769513130187,
      2.3027728183269502,
      2.3027695434093474,
      2.302763546705246,
      2.3027628948688506,
      2.302762854337692,
      2.302762848854065,
      2.3027628479003908,
      2.302762845993042,
      2.302762841463089,
      2.3027628440856933,
      2.302762841463089
    ],
    "train_acc": [
      9.886,
      9.652,
      9.594,
      9.626,
      9.582,
      9.676,
      9.62,
      9.634,
      9.634,
      9.634,
      9.634,
      9.634,
      9.634,
      9.634
    ],
    "test_loss": [
      2.3026404072054856,
      2.302629658358274,
      2.302626423126788,
      2.3026261672699193,
      2.302626844790342,
      2.3026236690205635,
      2.3026234506131362,
      2.3026232424971584,
      2.302623285092324,
      2.302623406302729,
      2.3026233922949224,
      2.3026233922949224,
      2.3026233922949224,
      2.3026233922949224
    ],
    "test_acc": [
      10.0,
      10.0,
      10.0,
      10.0,
      10.0,
      10.0,
      10.0,
      10.0,
      10.0,
      10.0,
      10.0,
      10.0,
      10.0,
      10.0
    ]
  }
}