{
  "config": {
    "run_name": "exp1_2",
    "out_dir": "./results",
    "seed": 1512042715,
    "device": null,
    "bs_train": 50,
    "bs_test": 12,
    "batches": 100,
    "epochs": 100,
    "early_stopping": 3,
    "checkpoints": null,
    "lr": 0.001,
    "reg": 0.001,
    "filters_per_layer": [
      32
    ],
    "pool_every": 2,
    "hidden_dims": [
      100
    ],
    "model_type": "cnn",
    "kw": {},
    "layers_per_block": 2
  },
  "results": {
    "num_epochs": 0,
    "train_loss": [
      1.4877513769865036,
      1.1443500970005989,
      0.9908520764708519,
      0.8799786523878574,
      0.7920989644229413,
      0.7167752228677273,
      0.6501590064167977
    ],
    "train_acc": [
      46.59,
      59.314,
      65.024,
      69.032,
      72.15,
      74.78,
      77.364
    ],
    "test_loss": [
      1.2438411324215737,
      1.093844575115102,
      1.0406106711505987,
      1.0352461935876371,
      1.0759824393428772,
      1.1278003800472767,
      1.219312927000028
    ],
    "test_acc": [
      56.0,
      61.76,
      64.45,
      65.28,
      65.64,
      65.16,
      63.66
    ]
  }
}