{
  "config": {
    "run_name": "exp1_4",
    "out_dir": "./results",
    "seed": 234810998,
    "device": null,
    "bs_train": 50,
    "bs_test": 12,
    "batches": 100,
    "epochs": 100,
    "early_stopping": 3,
    "checkpoints": null,
    "lr": 0.001,
    "reg": 0.001,
    "filters_per_layer": [
      64,
      128,
      256
    ],
    "pool_every": 5,
    "hidden_dims": [
      100
    ],
    "model_type": "resnet",
    "kw": {},
    "layers_per_block": 8
  },
  "results": {
    "num_epochs": 0,
    "train_loss": [
      2.3111511170864105,
      2.3027883903980255,
      2.3027772047519686,
      2.302775775194168,
      2.302775563001633,
      2.3027742114067076,
      2.3027720091342925,
      2.302767557621002,
      2.3027631947994234,
      2.302762856721878,
      2.3027628440856933,
      2.302762845516205,
      2.302762845993042,
      2.302762842655182,
      2.302762843132019
    ],
    "train_acc": [
      9.974,
      9.6,
      9.598,
      9.606,
      9.596,
      9.63,
      9.624,
      9.644,
      9.65,
      9.628,
      9.634,
      9.634,
      9.634,
      9.634,
      9.634
    ],
    "test_loss": [
      2.302658808317116,
      2.3026374421245475,
      2.302633523369293,
      2.3026328186908787,
      2.3026322958280714,
      2.3026309193467065,
      2.302628735558306,
      2.302624872548403,
      2.3026236124175914,
      2.302623640433204,
      2.3026234177376725,
      2.3026233765718747,
      2.3026233765718747,
      2.3026233765718747,
      2.3026233765718747
    ],
    "test_acc": [
      10.0,
      10.0,
      10.0,
      10.0,
      10.0,
      10.0,
      10.0,
      10.0,
      10.0,
      10.0,
      10.0,
      10.0,
      10.0,
      10.0,
      10.0
    ]
  }
}