{
  "config": {
    "run_name": "exp1_3",
    "out_dir": "./results",
    "seed": 519417722,
    "device": null,
    "bs_train": 50,
    "bs_test": 12,
    "batches": 100,
    "epochs": 100,
    "early_stopping": 3,
    "checkpoints": null,
    "lr": 0.001,
    "reg": 0.001,
    "filters_per_layer": [
      64,
      128,
      256
    ],
    "pool_every": 1,
    "hidden_dims": [
      100
    ],
    "model_type": "cnn",
    "kw": {},
    "layers_per_block": 1
  },
  "results": {
    "num_epochs": 0,
    "train_loss": [
      1.5243311709165572,
      1.0865675812959672,
      0.8875595487058162,
      0.7532684488296508,
      0.6458926933407784,
      0.5605574959367514
    ],
    "train_acc": [
      43.824,
      61.654,
      68.796,
      73.684,
      77.64,
      80.486
    ],
    "test_loss": [
      1.2223127812004204,
      1.0065095889018023,
      0.9310376966457001,
      0.9768958546989541,
      1.031903613439138,
      1.0955472461504043
    ],
    "test_acc": [
      55.33,
      63.77,
      67.05,
      66.42,
      67.84,
      67.8
    ]
  }
}