{
  "config": {
    "run_name": "exp1_1",
    "out_dir": "./results",
    "seed": 1435385314,
    "device": null,
    "bs_train": 50,
    "bs_test": 12,
    "batches": 100,
    "epochs": 100,
    "early_stopping": 5,
    "checkpoints": null,
    "lr": 0.001,
    "reg": 0.001,
    "filters_per_layer": [
      64
    ],
    "pool_every": 2,
    "hidden_dims": [
      100
    ],
    "model_type": "cnn",
    "kw": {},
    "layers_per_block": 2
  },
  "results": {
    "num_epochs": 0,
    "train_loss": [
      1.4450723277926445,
      1.089508903324604,
      0.9392647336125374,
      0.832533121317625,
      0.7431555891335011,
      0.6681209554970264,
      0.599790700390935,
      0.5399665973037482
    ],
    "train_acc": [
      48.098,
      61.366,
      66.964,
      70.838,
      73.896,
      76.604,
      78.814,
      80.942
    ],
    "test_loss": [
      1.1693956213746426,
      1.053555531771206,
      1.0520901684816792,
      1.0987481771157586,
      1.1123882401377247,
      1.1951788107705987,
      1.3535725700421084,
      1.50285445253769
    ],
    "test_acc": [
      58.78,
      62.7,
      63.9,
      63.52,
      64.26,
      63.6,
      62.72,
      62.82
    ]
  }
}