{
  "config": {
    "run_name": "exp1_4",
    "out_dir": "./results",
    "seed": 2000912293,
    "device": null,
    "bs_train": 50,
    "bs_test": 12,
    "batches": 100,
    "epochs": 100,
    "early_stopping": 3,
    "checkpoints": null,
    "lr": 0.001,
    "reg": 0.001,
    "filters_per_layer": [
      32
    ],
    "pool_every": 5,
    "hidden_dims": [
      100
    ],
    "model_type": "resnet",
    "kw": {},
    "layers_per_block": 8
  },
  "results": {
    "num_epochs": 0,
    "train_loss": [
      1.5333004429340362,
      1.1177050263285637,
      0.9160743112564087,
      0.738400055795908,
      0.5932790509164333,
      0.4708652043491602
    ],
    "train_acc": [
      44.656,
      60.54,
      67.688,
      74.138,
      79.228,
      83.392
    ],
    "test_loss": [
      1.2302140711094265,
      1.0350149575290348,
      1.0003823336544369,
      1.0639764361029906,
      1.300653876741227,
      1.4209961204631008
    ],
    "test_acc": [
      54.92,
      62.71,
      64.81,
      64.86,
      61.87,
      62.55
    ]
  }
}