{
  "config": {
    "run_name": "exp1_2",
    "out_dir": "./results",
    "seed": 861170647,
    "device": null,
    "bs_train": 50,
    "bs_test": 12,
    "batches": 100,
    "epochs": 100,
    "early_stopping": 3,
    "checkpoints": null,
    "lr": 0.001,
    "reg": 0.001,
    "filters_per_layer": [
      64
    ],
    "pool_every": 3,
    "hidden_dims": [
      100
    ],
    "model_type": "cnn",
    "kw": {},
    "layers_per_block": 4
  },
  "results": {
    "num_epochs": 0,
    "train_loss": [
      1.5127964949607848,
      1.0185219966173171,
      0.7979890634417534,
      0.6452561731934547,
      0.5173958844542503
    ],
    "train_acc": [
      45.422,
      64.146,
      72.038,
      77.37,
      81.608
    ],
    "test_loss": [
      1.197534764877898,
      0.9274909387854078,
      0.937239285084984,
      0.9812635546840495,
      1.140162933950605
    ],
    "test_acc": [
      57.2,
      67.31,
      68.49,
      68.48,
      68.13
    ]
  }
}