{
  "config": {
    "run_name": "exp1_1",
    "out_dir": "./results",
    "seed": 1456212779,
    "device": null,
    "bs_train": 50,
    "bs_test": 12,
    "batches": 100,
    "epochs": 100,
    "early_stopping": 5,
    "checkpoints": null,
    "lr": 0.001,
    "reg": 0.001,
    "filters_per_layer": [
      32
    ],
    "pool_every": 2,
    "hidden_dims": [
      100
    ],
    "model_type": "cnn",
    "kw": {},
    "layers_per_block": 2
  },
  "results": {
    "num_epochs": 0,
    "train_loss": [
      1.4880741122364998,
      1.1200782223343848,
      0.9572049614191055,
      0.8412970300912858,
      0.746589196562767,
      0.665533726066351,
      0.5962438863515854,
      0.5281053974181413,
      0.4747565440237522
    ],
    "train_acc": [
      46.232,
      60.26,
      66.248,
      70.48,
      74.006,
      76.77,
      79.082,
      81.508,
      83.202
    ],
    "test_loss": [
      1.218113074414164,
      1.0861287643547823,
      1.0764481207842735,
      1.047121157123745,
      1.0804074509180992,
      1.1398548727957822,
      1.2255105768806107,
      1.3875446518195225,
      1.6125537021492096
    ],
    "test_acc": [
      56.81,
      61.7,
      62.22,
      64.28,
      64.19,
      64.58,
      64.34,
      63.56,
      62.15
    ]
  }
}