{
  "config": {
    "run_name": "exp1_2",
    "out_dir": "./results",
    "seed": 1969560489,
    "device": null,
    "bs_train": 50,
    "bs_test": 12,
    "batches": 100,
    "epochs": 100,
    "early_stopping": 3,
    "checkpoints": null,
    "lr": 0.001,
    "reg": 0.001,
    "filters_per_layer": [
      128
    ],
    "pool_every": 2,
    "hidden_dims": [
      100
    ],
    "model_type": "cnn",
    "kw": {},
    "layers_per_block": 2
  },
  "results": {
    "num_epochs": 0,
    "train_loss": [
      1.4851116312742234,
      1.160478127658367,
      1.0097421202063561,
      0.9145374237000943,
      0.8434942842423916,
      0.7881981719434261,
      0.7426952402591706
    ],
    "train_acc": [
      46.648,
      58.838,
      64.466,
      67.978,
      70.378,
      72.388,
      73.824
    ],
    "test_loss": [
      1.2627974685004575,
      1.153808048142375,
      1.065663985657892,
      1.056546833160684,
      1.08175749068173,
      1.1683942889370365,
      1.2302050692982953
    ],
    "test_acc": [
      55.13,
      58.65,
      62.08,
      62.77,
      62.91,
      62.03,
      61.55
    ]
  }
}