{
  "config": {
    "run_name": "exp1_4",
    "out_dir": "./results",
    "seed": 1620103970,
    "device": null,
    "bs_train": 50,
    "bs_test": 12,
    "batches": 100,
    "epochs": 100,
    "early_stopping": 3,
    "checkpoints": null,
    "lr": 0.001,
    "reg": 0.001,
    "filters_per_layer": [
      32
    ],
    "pool_every": 9,
    "hidden_dims": [
      100
    ],
    "model_type": "resnet",
    "kw": {},
    "layers_per_block": 16
  },
  "results": {
    "num_epochs": 0,
    "train_loss": [
      1.6158854112625123,
      1.1724883905053138,
      0.9950958095192909,
      0.8653775515854358,
      0.7466011612415314,
      0.6331723333001137
    ],
    "train_acc": [
      41.84,
      58.376,
      64.768,
      69.354,
      73.69,
      77.614
    ],
    "test_loss": [
      1.284990510494589,
      1.1176044333467094,
      0.9979185807011682,
      1.0000216723095885,
      1.093878197083942,
      1.1758359013576445
    ],
    "test_acc": [
      53.73,
      59.98,
      64.16,
      64.85,
      63.84,
      63.56
    ]
  }
}