{
  "config": {
    "run_name": "exp1_2",
    "out_dir": "./results",
    "seed": 113493996,
    "device": null,
    "bs_train": 50,
    "bs_test": 12,
    "batches": 100,
    "epochs": 100,
    "early_stopping": 3,
    "checkpoints": null,
    "lr": 0.001,
    "reg": 0.001,
    "filters_per_layer": [
      64
    ],
    "pool_every": 5,
    "hidden_dims": [
      100
    ],
    "model_type": "cnn",
    "kw": {},
    "layers_per_block": 8
  },
  "results": {
    "num_epochs": 0,
    "train_loss": [
      1.8423656840324403,
      1.4946790670156478,
      1.2808617407083511,
      1.100888991355896,
      0.9580978707969189,
      0.8563220048248767,
      0.7615519402325154,
      0.6855276838541031,
      0.6180984605252743
    ],
    "train_acc": [
      31.742,
      45.526,
      54.048,
      60.664,
      66.178,
      69.74,
      73.0,
      75.568,
      78.008
    ],
    "test_loss": [
      1.6125791578841724,
      1.396611999979408,
      1.1974013700044983,
      1.118845206084583,
      1.1096218845648445,
      1.0947313481669345,
      1.1808267578804235,
      1.363037344202292,
      1.4452365997651642
    ],
    "test_acc": [
      40.49,
      49.49,
      57.63,
      60.78,
      61.78,
      63.76,
      63.03,
      60.42,
      60.27
    ]
  }
}