{
  "config": {
    "run_name": "exp1_2",
    "out_dir": "./results",
    "seed": 1162690739,
    "device": null,
    "bs_train": 50,
    "bs_test": 12,
    "batches": 100,
    "epochs": 100,
    "early_stopping": 3,
    "checkpoints": null,
    "lr": 0.001,
    "reg": 0.001,
    "filters_per_layer": [
      256
    ],
    "pool_every": 5,
    "hidden_dims": [
      100
    ],
    "model_type": "cnn",
    "kw": {},
    "layers_per_block": 8
  },
  "results": {
    "num_epochs": 0,
    "train_loss": [
      1.9168651896715163,
      1.5114228055477141,
      1.3668995544910432,
      1.258894188940525,
      1.1733077299594878,
      1.1002864733338356,
      1.0203732342123986,
      0.945926878720522,
      0.8787689971625805
    ],
    "train_acc": [
      29.154,
      44.762,
      50.204,
      54.448,
      57.894,
      60.608,
      63.604,
      66.404,
      68.714
    ],
    "test_loss": [
      1.6358579647340934,
      1.4385320436325577,
      1.309995294796477,
      1.2485672713969822,
      1.2113146586455315,
      1.2105208927635953,
      1.2231994130664305,
      1.3173815731307585,
      1.4069851951704895
    ],
    "test_acc": [
      40.48,
      46.89,
      52.58,
      54.79,
      56.73,
      56.76,
      57.2,
      55.62,
      53.73
    ]
  }
}