{
  "config": {
    "run_name": "exp1_1",
    "out_dir": "./results",
    "seed": 982957578,
    "device": null,
    "bs_train": 50,
    "bs_test": 12,
    "batches": 100,
    "epochs": 100,
    "early_stopping": 5,
    "checkpoints": null,
    "lr": 0.001,
    "reg": 0.001,
    "filters_per_layer": [
      64
    ],
    "pool_every": 5,
    "hidden_dims": [
      100
    ],
    "model_type": "cnn",
    "kw": {},
    "layers_per_block": 8
  },
  "results": {
    "num_epochs": 0,
    "train_loss": [
      1.735009332060814,
      1.3269477496743203,
      1.1267243860960006,
      0.9781275599002838,
      0.8558311478197574,
      0.7505901655554772,
      0.6506884823590517,
      0.5780527408719063,
      0.4935868494361639
    ],
    "train_acc": [
      35.914,
      51.966,
      59.646,
      65.056,
      69.596,
      73.38,
      76.824,
      79.362,
      82.56
    ],
    "test_loss": [
      1.4702928648363771,
      1.1918993437533185,
      1.1392878821963885,
      1.1358291003183068,
      1.1863359654639407,
      1.1876689163740162,
      1.4069437265253182,
      1.4552181578493661,
      1.7818709200145386
    ],
    "test_acc": [
      46.79,
      57.49,
      60.07,
      61.62,
      61.63,
      62.78,
      61.24,
      60.91,
      59.33
    ]
  }
}