{
  "config": {
    "run_name": "exp1_1",
    "out_dir": "./results",
    "seed": 1224991818,
    "device": null,
    "bs_train": 50,
    "bs_test": 12,
    "batches": 100,
    "epochs": 100,
    "early_stopping": 5,
    "checkpoints": null,
    "lr": 0.001,
    "reg": 0.001,
    "filters_per_layer": [
      32
    ],
    "pool_every": 3,
    "hidden_dims": [
      100
    ],
    "model_type": "cnn",
    "kw": {},
    "layers_per_block": 4
  },
  "results": {
    "num_epochs": 0,
    "train_loss": [
      1.5699382924437524,
      1.1225061018466949,
      0.9271316848099231,
      0.8018481996059418,
      0.708177063703537,
      0.6262563818693161,
      0.5590420512557029,
      0.5019339078813791,
      0.43486344842612745,
      0.3888314906656742,
      0.35165266803652045,
      0.3033932489529252,
      0.26822032050043343,
      0.2480740327462554,
      0.21856982067972422,
      0.20039519150927662,
      0.17915249420143664,
      0.167161696406547,
      0.1549098844565451
    ],
    "train_acc": [
      42.936,
      60.104,
      67.412,
      72.026,
      75.018,
      77.896,
      80.164,
      82.242,
      84.498,
      86.114,
      87.42,
      89.216,
      90.442,
      91.182,
      92.178,
      93.06,
      93.846,
      94.334,
      94.7
    ],
    "test_loss": [
      1.2259970436350618,
      1.0129363614735272,
      0.9435198665004697,
      0.9597381351234244,
      1.0612137010298688,
      1.1851963652409523,
      1.4133494839438503,
      1.3899999710773643,
      1.5885444015177408,
      1.6449846449359464,
      1.8607430842462749,
      1.8538286457177726,
      2.247244558534395,
      2.06700063533344,
      2.214315664453088,
      2.323657581702431,
      2.5337898045257896,
      2.6765351805624347,
      2.9104471550983595
    ],
    "test_acc": [
      56.76,
      64.65,
      67.69,
      67.9,
      66.45,
      65.94,
      63.47,
      65.93,
      65.26,
      65.13,
      64.56,
      64.76,
      63.4,
      64.49,
      64.04,
      62.91,
      63.81,
      62.95,
      63.02
    ]
  }
}