{
  "config": {
    "run_name": "exp1_2",
    "out_dir": "./results",
    "seed": 2133601256,
    "device": null,
    "bs_train": 50,
    "bs_test": 12,
    "batches": 100,
    "epochs": 100,
    "early_stopping": 3,
    "checkpoints": null,
    "lr": 0.001,
    "reg": 0.001,
    "filters_per_layer": [
      32
    ],
    "pool_every": 3,
    "hidden_dims": [
      100
    ],
    "model_type": "cnn",
    "kw": {},
    "layers_per_block": 4
  },
  "results": {
    "num_epochs": 0,
    "train_loss": [
      1.5458153356909752,
      1.1314115602374077,
      0.9268401445746421,
      0.7911913145184517,
      0.6740589957535267,
      0.5833615856766701,
      0.4981860685348511
    ],
    "train_acc": [
      43.788,
      59.65,
      67.474,
      72.378,
      76.344,
      79.352,
      82.36
    ],
    "test_loss": [
      1.255764699418196,
      1.0714116404346712,
      0.9591021491326303,
      0.9464351135335094,
      1.075601862881967,
      1.296030179380799,
      1.3640674574376581
    ],
    "test_acc": [
      54.65,
      62.41,
      66.54,
      68.06,
      66.43,
      64.22,
      65.58
    ]
  }
}