{
  "config": {
    "run_name": "exp1_1",
    "out_dir": "./results",
    "seed": 2110660327,
    "device": null,
    "bs_train": 50,
    "bs_test": 12,
    "batches": 100,
    "epochs": 100,
    "early_stopping": 5,
    "checkpoints": null,
    "lr": 0.001,
    "reg": 0.001,
    "filters_per_layer": [
      64
    ],
    "pool_every": 3,
    "hidden_dims": [
      100
    ],
    "model_type": "cnn",
    "kw": {},
    "layers_per_block": 4
  },
  "results": {
    "num_epochs": 0,
    "train_loss": [
      1.5644540463089942,
      1.106161685049534,
      0.8748949843943119,
      0.7266547735333443,
      0.5989771813750268,
      0.4917147893756628,
      0.40289664401859043,
      0.3276313468664885
    ],
    "train_acc": [
      42.664,
      60.698,
      69.296,
      74.524,
      79.124,
      82.766,
      85.902,
      88.384
    ],
    "test_loss": [
      1.2726973449583534,
      0.9777094506495576,
      0.9161799786259516,
      0.923345650807559,
      1.0309464134883395,
      1.2363865386373063,
      1.4076168550763557,
      1.5432665268097707
    ],
    "test_acc": [
      54.19,
      65.65,
      68.43,
      68.99,
      68.64,
      67.68,
      67.08,
      66.48
    ]
  }
}