{
  "config": {
    "run_name": "exp1_4",
    "out_dir": "./results",
    "seed": 1568894044,
    "device": null,
    "bs_train": 50,
    "bs_test": 12,
    "batches": 100,
    "epochs": 100,
    "early_stopping": 3,
    "checkpoints": null,
    "lr": 0.001,
    "reg": 0.001,
    "filters_per_layer": [
      64,
      128,
      256
    ],
    "pool_every": 2,
    "hidden_dims": [
      100
    ],
    "model_type": "resnet",
    "kw": {},
    "layers_per_block": 2
  },
  "results": {
    "num_epochs": 0,
    "train_loss": [
      1.4974238622188567,
      1.0073185180425643,
      0.7350728879421949,
      0.5080382325425744,
      0.35423159224912526
    ],
    "train_acc": [
      46.182,
      64.356,
      74.04,
      82.288,
      87.61
    ],
    "test_loss": [
      1.1974754815550446,
      0.9864566720468249,
      1.0347718742164633,
      1.3817779766150016,
      1.620238919054522
    ],
    "test_acc": [
      56.77,
      65.17,
      66.16,
      63.87,
      62.67
    ]
  }
}