{
  "config": {
    "run_name": "exp1_3",
    "out_dir": "./results",
    "seed": 1072481963,
    "device": null,
    "bs_train": 50,
    "bs_test": 12,
    "batches": 100,
    "epochs": 100,
    "early_stopping": 3,
    "checkpoints": null,
    "lr": 0.001,
    "reg": 0.001,
    "filters_per_layer": [
      64,
      128,
      256
    ],
    "pool_every": 2,
    "hidden_dims": [
      100
    ],
    "model_type": "cnn",
    "kw": {},
    "layers_per_block": 3
  },
  "results": {
    "num_epochs": 0,
    "train_loss": [
      1.9715775418281556,
      1.5888478394746781,
      1.3952834826111793,
      1.2487299135923386,
      1.1188655637502671,
      1.0104797296524048,
      0.9271459503769874,
      0.8486685721576214
    ],
    "train_acc": [
      22.832,
      39.97,
      48.572,
      54.406,
      59.694,
      63.998,
      66.79,
      69.962
    ],
    "test_loss": [
      1.6925434163577264,
      1.4807866993639396,
      1.3506038176070014,
      1.2353683847317594,
      1.1825914783514946,
      1.1982771691729983,
      1.2093033044458292,
      1.2396219406875488
    ],
    "test_acc": [
      33.12,
      44.47,
      50.91,
      56.21,
      58.65,
      59.38,
      60.48,
      60.62
    ]
  }
}