{
  "config": {
    "run_name": "exp1_2",
    "out_dir": "./results",
    "seed": 1033441628,
    "device": null,
    "bs_train": 50,
    "bs_test": 12,
    "batches": 100,
    "epochs": 100,
    "early_stopping": 3,
    "checkpoints": null,
    "lr": 0.001,
    "reg": 0.001,
    "filters_per_layer": [
      128
    ],
    "pool_every": 3,
    "hidden_dims": [
      100
    ],
    "model_type": "cnn",
    "kw": {},
    "layers_per_block": 4
  },
  "results": {
    "num_epochs": 0,
    "train_loss": [
      1.5069806700348853,
      1.0334364161491394,
      0.7951951570212841,
      0.6128370338976383,
      0.465908755980432
    ],
    "train_acc": [
      45.278,
      63.382,
      71.896,
      78.464,
      83.582
    ],
    "test_loss": [
      1.1547824094692867,
      0.9330384879946995,
      0.964935254922016,
      1.126289933455362,
      1.345582663995042
    ],
    "test_acc": [
      59.02,
      66.79,
      67.34,
      65.6,
      66.23
    ]
  }
}