{
  "config": {
    "run_name": "exp1_2",
    "out_dir": "./results",
    "seed": 1566684427,
    "device": null,
    "bs_train": 50,
    "bs_test": 12,
    "batches": 100,
    "epochs": 100,
    "early_stopping": 3,
    "checkpoints": null,
    "lr": 0.001,
    "reg": 0.001,
    "filters_per_layer": [
      32
    ],
    "pool_every": 5,
    "hidden_dims": [
      100
    ],
    "model_type": "cnn",
    "kw": {},
    "layers_per_block": 8
  },
  "results": {
    "num_epochs": 0,
    "train_loss": [
      1.8027027002573013,
      1.3818237983584405,
      1.1965016784071922,
      1.0748129993081093,
      0.9717884110808372,
      0.889783450871706,
      0.8218200873136521,
      0.7581261801719665,
      0.6954755471348762
    ],
    "train_acc": [
      32.702,
      49.584,
      57.1,
      61.62,
      65.376,
      68.434,
      71.062,
      72.998,
      75.444
    ],
    "test_loss": [
      1.457198111130465,
      1.2727770723170229,
      1.1575447978090039,
      1.1117723146431167,
      1.0936784108372615,
      1.0853152581148868,
      1.1718054145788974,
      1.22719783632518,
      1.377047143233337
    ],
    "test_acc": [
      46.7,
      54.04,
      58.51,
      60.81,
      62.19,
      62.47,
      61.21,
      61.56,
      60.3
    ]
  }
}