{
  "config": {
    "run_name": "exp1_2",
    "out_dir": "./results",
    "seed": 139343871,
    "device": null,
    "bs_train": 50,
    "bs_test": 12,
    "batches": 100,
    "epochs": 100,
    "early_stopping": 3,
    "checkpoints": null,
    "lr": 0.001,
    "reg": 0.001,
    "filters_per_layer": [
      64
    ],
    "pool_every": 2,
    "hidden_dims": [
      100
    ],
    "model_type": "cnn",
    "kw": {},
    "layers_per_block": 2
  },
  "results": {
    "num_epochs": 0,
    "train_loss": [
      1.4319898591637612,
      1.074114761531353,
      0.9180492280721665,
      0.8059761146903038,
      0.7089960939288139,
      0.6196874324381352
    ],
    "train_acc": [
      48.658,
      61.996,
      67.752,
      71.664,
      75.24,
      78.144
    ],
    "test_loss": [
      1.178208219311792,
      1.055534893910376,
      1.0070792776342634,
      1.0582201018643609,
      1.1049724675143222,
      1.2185365619312087
    ],
    "test_acc": [
      58.43,
      62.97,
      65.72,
      65.07,
      64.72,
      63.19
    ]
  }
}