{
  "config": {
    "run_name": "exp1_2",
    "out_dir": "./results",
    "seed": 908725664,
    "device": null,
    "bs_train": 50,
    "bs_test": 12,
    "batches": 100,
    "epochs": 100,
    "early_stopping": 3,
    "checkpoints": null,
    "lr": 0.001,
    "reg": 0.001,
    "filters_per_layer": [
      256
    ],
    "pool_every": 2,
    "hidden_dims": [
      100
    ],
    "model_type": "cnn",
    "kw": {},
    "layers_per_block": 2
  },
  "results": {
    "num_epochs": 0,
    "train_loss": [
      1.603560142636299,
      1.2912871246933937,
      1.163308000922203,
      1.0731429040431977,
      0.9939970266819,
      0.9282399607896805,
      0.8711134852468967
    ],
    "train_acc": [
      42.348,
      54.056,
      58.71,
      61.912,
      64.942,
      67.236,
      69.526
    ],
    "test_loss": [
      1.3967027853575829,
      1.2514477643213398,
      1.169883640282017,
      1.1487126033619153,
      1.167030857085324,
      1.236012225153206,
      1.2616212930289104
    ],
    "test_acc": [
      50.12,
      55.38,
      58.04,
      59.12,
      59.15,
      58.67,
      59.04
    ]
  }
}