{
  "config": {
    "run_name": "exp1_1",
    "out_dir": "./results",
    "seed": 1949872206,
    "device": null,
    "bs_train": 50,
    "bs_test": 12,
    "batches": 100,
    "epochs": 100,
    "early_stopping": 5,
    "checkpoints": null,
    "lr": 0.001,
    "reg": 0.001,
    "filters_per_layer": [
      32
    ],
    "pool_every": 5,
    "hidden_dims": [
      100
    ],
    "model_type": "cnn",
    "kw": {},
    "layers_per_block": 8
  },
  "results": {
    "num_epochs": 0,
    "train_loss": [
      1.8896943327188491,
      1.5058844116330148,
      1.3499140665531157,
      1.2379615443944931,
      1.147735874593258,
      1.065802283346653,
      0.9923784771561622,
      0.9381903479397297,
      0.8772326440513134,
      0.8103640300035476
    ],
    "train_acc": [
      29.724,
      45.198,
      51.542,
      55.744,
      59.024,
      62.056,
      64.738,
      66.84,
      69.158,
      71.442
    ],
    "test_loss": [
      1.6233042715121802,
      1.4120625142427943,
      1.3282785350970514,
      1.2596947053710905,
      1.2328486680734358,
      1.2614437872878939,
      1.277431926245598,
      1.3676534028504963,
      1.4289376013320414,
      1.5619243766924888
    ],
    "test_acc": [
      40.89,
      49.26,
      52.27,
      55.1,
      56.83,
      55.94,
      56.59,
      55.31,
      55.43,
      54.82
    ]
  }
}