{
  "config": {
    "run_name": "exp1_3",
    "out_dir": "./results",
    "seed": 1038131357,
    "device": null,
    "bs_train": 50,
    "bs_test": 12,
    "batches": 100,
    "epochs": 100,
    "early_stopping": 3,
    "checkpoints": null,
    "lr": 0.001,
    "reg": 0.001,
    "filters_per_layer": [
      64,
      128,
      256
    ],
    "pool_every": 2,
    "hidden_dims": [
      100
    ],
    "model_type": "cnn",
    "kw": {},
    "layers_per_block": 2
  },
  "results": {
    "num_epochs": 0,
    "train_loss": [
      1.7495119456052781,
      1.3488455792069436,
      1.106865794122219,
      0.9386754431724549,
      0.8139833085238933,
      0.7097858453691006,
      0.6173881820589304,
      0.5358590588122606,
      0.47174500100314615,
      0.40938883946090937
    ],
    "train_acc": [
      34.052,
      51.018,
      60.472,
      66.928,
      71.296,
      74.774,
      78.062,
      80.984,
      83.464,
      85.45
    ],
    "test_loss": [
      1.4806389694305346,
      1.1873404228572937,
      1.0499036278155782,
      1.0002788898291635,
      1.0221105599753577,
      1.0516850121980377,
      1.0514796175312795,
      1.206163037166321,
      1.2975649487057463,
      1.4192317039471307
    ],
    "test_acc": [
      44.94,
      56.86,
      62.87,
      65.22,
      65.68,
      66.5,
      67.26,
      66.41,
      65.23,
      65.6
    ]
  }
}