{
  "config": {
    "run_name": "exp2",
    "out_dir": "./results",
    "seed": 1183531689,
    "device": null,
    "bs_train": 50,
    "bs_test": 12,
    "batches": 100,
    "epochs": 40,
    "early_stopping": 3,
    "checkpoints": null,
    "lr": 0.01,
    "reg": 0.001,
    "filters_per_layer": [
      32,
      64,
      128
    ],
    "pool_every": 7,
    "hidden_dims": [
      100
    ],
    "model_type": "ycn",
    "kw": {},
    "layers_per_block": 12
  },
  "results": {
    "num_epochs": 0,
    "train_loss": [
      2.242975210905075,
      2.0111672166585923,
      1.9491044266223907,
      1.9176444191932678,
      1.89231010222435,
      1.8675822968482971,
      1.8183761265277862,
      1.78412049973011,
      1.7546228674650193,
      1.7314529397487641,
      1.712302788257599,
      1.7074144793748856,
      1.6809599549770355,
      1.6824903116226195,
      1.676845025897026,
      1.669015922665596
    ],
    "train_acc": [
      13.236,
      19.854,
      20.952,
      21.716,
      23.512,
      25.492,
      27.556,
      28.958,
      29.802,
      30.268,
      30.922,
      31.15,
      31.952,
      32.048,
      32.362,
      32.716
    ],
    "test_loss": [
      2.068099811780367,
      1.935859436897351,
      1.8716959505915927,
      1.948214887715072,
      1.9594141570784205,
      1.9038905275525522,
      1.83238267298225,
      1.8172252096718164,
      2.013655641524912,
      1.882343118282245,
      1.9338448869524527,
      1.8525838487439876,
      1.848233172504736,
      1.8720518982381844,
      1.9329894538120114,
      1.9337200017855893
    ],
    "test_acc": [
      20.39,
      22.56,
      25.01,
      22.15,
      24.93,
      24.04,
      25.66,
      30.83,
      19.97,
      24.73,
      18.41,
      23.66,
      23.74,
      24.07,
      22.29,
      23.39
    ]
  }
}