{
  "config": {
    "run_name": "exp2",
    "out_dir": "./results",
    "seed": 1481314899,
    "device": null,
    "bs_train": 50,
    "bs_test": 12,
    "batches": 100,
    "epochs": 40,
    "early_stopping": 3,
    "checkpoints": null,
    "lr": 0.01,
    "reg": 0.001,
    "filters_per_layer": [
      32,
      64,
      128
    ],
    "pool_every": 2,
    "hidden_dims": [
      100
    ],
    "model_type": "ycn",
    "kw": {},
    "layers_per_block": 3
  },
  "results": {
    "num_epochs": 0,
    "train_loss": [
      1.9501223802566527,
      1.6795253757238389,
      1.439118210375309,
      1.2747307010293008,
      1.1516341698169708,
      1.0518676702976226,
      0.9726913064718247,
      0.9152386504411697,
      0.8666539763808251,
      0.8190099760591983,
      0.7800748152136803,
      0.7539304531216622,
      0.7231399871110916,
      0.7032944150567054,
      0.6829131651818753,
      0.6601012870967388,
      0.6459358495324851,
      0.6204230520576238,
      0.6108563516288996,
      0.5985892114043235,
      0.5876486999243498,
      0.580187337487936,
      0.5617363718152046,
      0.5518560617864132,
      0.5410439493358136,
      0.5325986416786909,
      0.5253265039771795
    ],
    "train_acc": [
      21.618,
      34.754,
      46.168,
      54.186,
      59.696,
      63.55,
      66.798,
      68.798,
      70.77,
      72.426,
      73.984,
      75.018,
      75.96,
      76.804,
      77.584,
      78.218,
      78.68,
      79.61,
      79.982,
      80.33,
      80.878,
      81.0,
      81.518,
      81.872,
      82.26,
      82.444,
      82.74
    ],
    "test_loss": [
      2.1738369437716276,
      1.9638943352001748,
      1.7289617983557337,
      1.564770207345057,
      1.2727944361005756,
      1.1694755789687594,
      1.0819250511036789,
      1.087187808659151,
      0.9361269707373864,
      0.9953183477087845,
      0.9052320874387698,
      0.8808391908232829,
      0.9752320953481775,
      0.9863703477797177,
      0.8348102172573122,
      0.8434091697333099,
      0.7783367766661466,
      0.8099521094356938,
      0.7222004524416489,
      0.8624999601420739,
      0.6255327640123648,
      0.7353091870593153,
      0.8800091647880255,
      0.6799071447061692,
      0.7012255123461322,
      0.7148440968540075,
      0.781765976165839
    ],
    "test_acc": [
      18.42,
      30.62,
      40.1,
      45.95,
      55.87,
      59.6,
      61.73,
      60.79,
      67.83,
      67.04,
      69.05,
      71.89,
      68.46,
      68.49,
      72.69,
      72.65,
      75.14,
      74.33,
      76.29,
      73.79,
      79.31,
      76.99,
      73.41,
      77.94,
      76.56,
      76.17,
      75.16
    ]
  }
}