{
  "config": {
    "run_name": "exp2",
    "out_dir": "./results",
    "seed": 91141758,
    "device": null,
    "bs_train": 50,
    "bs_test": 12,
    "batches": 100,
    "epochs": 40,
    "early_stopping": 3,
    "checkpoints": null,
    "lr": 0.01,
    "reg": 0.001,
    "filters_per_layer": [
      32,
      64,
      128
    ],
    "pool_every": 4,
    "hidden_dims": [
      100
    ],
    "model_type": "ycn",
    "kw": {},
    "layers_per_block": 6
  },
  "results": {
    "num_epochs": 0,
    "train_loss": [
      2.030797875523567,
      1.8898679200410844,
      1.7866882177591323,
      1.6635747721195222,
      1.5637305774688721,
      1.48689082634449,
      1.394673933684826,
      1.315134113073349,
      1.2416960955262184,
      1.1862043865323066,
      1.1422819028496742,
      1.1069448046684265,
      1.0740057692527771,
      1.042931031048298,
      1.0015408269762993,
      0.9887258599102497,
      0.957868248462677,
      0.9332187215685844,
      0.9142435449957848,
      0.9005373942553997,
      0.8784894515872002,
      0.8580444594919682,
      0.841491724818945,
      0.8169093497991562,
      0.8123989321291447,
      0.7998678974807263,
      0.7846078321039677,
      0.7723549439907074,
      0.7592637995481492,
      0.7491833900213242,
      0.7378308343291282,
      0.7272072045505047,
      0.719267408490181,
      0.7131725884377956,
      0.703135376483202,
      0.6934207783341407,
      0.6794541181623935,
      0.6749688623547554,
      0.6675431155264377,
      0.662605280816555
    ],
    "train_acc": [
      18.19,
      23.142,
      28.844,
      34.67,
      39.366,
      43.964,
      48.666,
      52.542,
      55.106,
      57.916,
      59.93,
      61.56,
      63.136,
      64.22,
      66.118,
      66.62,
      67.618,
      68.724,
      69.278,
      70.08,
      70.826,
      71.608,
      72.274,
      73.178,
      73.236,
      73.738,
      74.246,
      74.714,
      75.13,
      75.614,
      76.08,
      76.544,
      76.606,
      77.06,
      77.562,
      77.732,
      78.066,
      78.198,
      78.56,
      78.652
    ],
    "test_loss": [
      1.9104890167284354,
      2.3606203835931043,
      2.1606628423114476,
      1.996125342605783,
      1.8505730658984012,
      1.7229236731712194,
      1.9219774463765626,
      1.6108951184103528,
      1.5746484696150398,
      1.3699221297991362,
      1.3016901888864503,
      1.3175818061085343,
      1.235526347796408,
      1.2368410784992383,
      1.3012975459690574,
      1.2105185856207383,
      1.1034591750775595,
      1.1936726974640532,
      1.0677843112453853,
      0.933934446004369,
      1.1060108542799665,
      1.033123227546541,
      0.9584018047407663,
      0.98833179338087,
      0.9734699484362876,
      0.9029687631973545,
      0.9649099979362041,
      0.8672412217235108,
      0.8684371219550391,
      0.8536810953554204,
      0.83809727748378,
      0.9034477066543463,
      0.8390355838431443,
      0.7546331899539886,
      0.8402049401037984,
      0.7736659089652754,
      0.7125844755600825,
      0.7459821561239749,
      0.7215718469924206,
      0.7439917082444941
    ],
    "test_acc": [
      21.0,
      14.52,
      18.91,
      22.12,
      31.06,
      35.71,
      33.7,
      41.56,
      41.71,
      48.58,
      52.56,
      52.38,
      54.39,
      54.68,
      53.51,
      56.92,
      61.85,
      56.71,
      63.05,
      68.14,
      61.56,
      65.75,
      66.94,
      66.25,
      66.11,
      69.53,
      67.57,
      69.29,
      72.45,
      70.73,
      72.35,
      70.14,
      71.71,
      74.51,
      71.61,
      73.85,
      77.09,
      75.84,
      76.58,
      75.76
    ]
  }
}