{
  "config": {
    "run_name": "exp2",
    "out_dir": "./results",
    "seed": 1029746568,
    "device": null,
    "bs_train": 50,
    "bs_test": 12,
    "batches": 100,
    "epochs": 40,
    "early_stopping": 3,
    "checkpoints": null,
    "lr": 0.01,
    "reg": 0.001,
    "filters_per_layer": [
      32,
      64,
      128
    ],
    "pool_every": 5,
    "hidden_dims": [
      100
    ],
    "model_type": "ycn",
    "kw": {},
    "layers_per_block": 9
  },
  "results": {
    "num_epochs": 0,
    "train_loss": [
      2.0038887280225754,
      1.917544852733612,
      1.8855468304157257,
      1.8190294303894043,
      1.7774656854867936,
      1.7430501780509948,
      1.7359362578392028,
      1.7216256622076034,
      1.726537869811058,
      1.739833090186119,
      1.7285907487869263,
      1.7476613775491714,
      1.734394420862198,
      1.634742450594902,
      1.6078276479244231,
      1.572526862859726
    ],
    "train_acc": [
      19.668,
      21.038,
      22.682,
      26.922,
      29.274,
      30.294,
      30.656,
      31.524,
      31.33,
      31.476,
      31.314,
      31.148,
      31.704,
      33.954,
      34.724,
      36.582
    ],
    "test_loss": [
      1.9882165736717572,
      2.1511487567739236,
      2.0569895200020403,
      2.1577941615232747,
      2.054447361176534,
      1.9792379256632688,
      1.9910286399100323,
      2.049542531120977,
      1.9461257756471062,
      1.8146664375881496,
      1.7300924334308798,
      1.8183993502772398,
      1.7464260637617226,
      1.747385496429974,
      1.8367786478939103,
      1.8690506735865733
    ],
    "test_acc": [
      19.17,
      13.46,
      17.49,
      17.51,
      24.25,
      23.8,
      22.35,
      25.1,
      26.63,
      30.12,
      33.53,
      29.02,
      31.9,
      29.98,
      29.29,
      29.18
    ]
  }
}